Name,Sub-Sector,Market Cap,PE Ratio,6M Return,PB Ratio,PS Ratio,EV/EBITDA Ratio,Price / CFO,Dividend Yield,1Y Historical EPS Growth,Earnings Per Share
"Tata Consultancy Services Ltd","IT Services & Consulting","1476125.44","32.15","5.57","16.16","6.02","21.25","33.29","1.79","9.54","126.17"
"HDFC Bank Ltd","Private Banks","1319130.56","20.59","14.32","2.81","3.23","13.85","69.18","1.12","17.59","97.24"
"Bharti Airtel Ltd","Telecom Services","1013163.02","135.69","30.44","9.60","6.57","16.51","12.84","0.45","-8.77","12.85"
"ICICI Bank Ltd","Private Banks","887367.47","20.05","15.87","3.29","3.76","11.84","5.64","0.79","29.34","63.20"
"Infosys Ltd","IT Services & Consulting","767392.29","29.25","29.31","8.67","4.85","18.19","30.44","2.48","9.57","63.39"
"State Bank of India","Public Banks","726419.45","10.83","6.25","1.69","1.22","4.37","33.58","-","20.55","75.17"
"Hindustan Unilever Ltd","FMCG - Household Products","632874.15","61.58","20.17","12.31","10.06","40.22","40.91","1.56","1.55","43.74"
"ITC Ltd","FMCG - Tobacco","604930.01","29.57","13.72","8.08","8.22","20.16","35.21","2.84","5.91","16.42"
"Life Insurance Corporation Of India","Insurance","585884.54","14.32","-4.96","7.07","0.68","11.46","22.43","1.08","13.67","64.69"
"HCL Technologies Ltd","IT Services & Consulting","498902.73","31.77","25.77","7.31","4.48","18.58","22.22","2.83","5.73","57.86"
"Larsen and Toubro Ltd","Construction & Engineering","493018.17","37.75","-0.75","4.81","2.19","17.06","26.99","0.95","26.08","93.95"
"Sun Pharmaceutical Industries Ltd","Pharmaceuticals","455153.84","47.53","23.17","6.78","9.12","31.89","37.51","0.71","13.01","39.91"
"Bajaj Finance Ltd","Consumer Finance","419510.43","29.03","-7.01","5.47","7.63","35.12","-","0.53","24.07","236.43"
"NTPC Ltd","Power Generation","412108.31","19.80","23.94","2.50","2.24","11.42","10.10","1.82","23.06","21.46"
"Maruti Suzuki India Ltd","Four Wheelers","382813.43","28.38","-4.77","4.47","2.62","16.45","22.79","1.03","59.96","437.59"
"Axis Bank Ltd","Private Banks","368226.87","13.96","12.94","2.34","2.67","6.90","-","0.08","143.23","85.62"
"Mahindra and Mahindra Ltd","Four Wheelers","359252.83","31.88","43.41","4.52","2.52","16.02","-","0.65","9.48","97.44"
"Kotak Mahindra Bank Ltd","Private Banks","355722.33","19.53","-1.15","2.74","3.77","11.78","22.68","0.11","21.93","91.65"
"Oil and Natural Gas Corporation Ltd","Oil & Gas - Exploration & Production","347970.52","7.07","-0.07","0.95","0.57","4.21","3.51","4.43","34.08","39.13"
"Adani Enterprises Ltd","Commodities Trading","339057.90","104.66","-4.10","7.67","3.45","32.02","32.88","0.04","29.16","28.42"
"Tata Motors Ltd","Four Wheelers","332503.99","10.59","-7.22","3.57","0.75","5.95","4.90","0.61","1199.95","94.50"
"UltraTech Cement Ltd","Cement","313252.79","44.72","13.63","5.20","4.38","23.53","28.75","0.65","38.33","242.65"
"Power Grid Corporation of India Ltd","Power Transmission & Distribution","307989.50","19.78","16.75","3.53","6.55","10.48","8.26","3.40","0.99","16.74"
"Hindustan Aeronautics Ltd","Aerospace & Defense Equipments","301915.13","39.62","19.26","10.36","9.35","23.60","36.72","0.78","30.77","113.96"
"Coal India Ltd","Mining - Coal","299138.83","8.00","9.58","3.58","1.98","4.84","16.52","5.25","17.75","60.69"
"Titan Company Ltd","Precious Metals Jewellery & Watches","298335.50","85.34","-6.49","31.76","5.78","53.33","176.01","0.33","7.44","39.28"
"Adani Ports and Special Economic Zone Ltd","Ports","297127.11","36.63","4.12","5.43","10.53","20.89","19.79","-","51.09","37.55"
"Bajaj Auto Limited","Two Wheelers","293234.45","38.04","19.38","10.12","6.30","27.59","44.71","0.76","29.50","274.25"
"Asian Paints Ltd","Paints","292327.48","53.54","7.30","15.05","8.05","34.64","47.89","1.09","32.97","56.92"
"Wipro Ltd","IT Services & Consulting","286411.47","25.93","18.64","3.84","3.10","13.53","16.25","0.18","-0.35","20.62"
"Bajaj Finserv Ltd","Insurance","280229.83","34.39","7.91","2.70","2.54","26.95","-","0.06","26.86","51.14"
"Adani Green Energy Ltd","Renewable Energy","270996.28","246.36","-4.62","15.53","25.21","38.89","35.14","-","12.22","6.94"
"Trent Ltd","Retail - Apparel","270403.31","181.87","82.47","65.91","20.23","91.63","200.45","0.04","234.39","41.82"
"Siemens Ltd","Conglomerates","266434.93","135.87","29.70","20.35","13.27","86.81","190.31","0.13","27.09","55.06"
"Avenue Supermarts Ltd","Retail - Department Stores","258565.53","101.95","-16.49","13.83","5.08","60.80","94.17","-","6.39","39.05"
"JSW Steel Ltd","Iron & Steel","239432.22","27.17","14.82","3.00","1.36","10.69","19.82","0.93","111.38","29.02"
"Adani Power Ltd","Power Generation","232804.83","11.18","1.12","5.37","3.86","9.24","16.43","0.01","94.18","54.00"
"Zomato Ltd","Online Services","231324.31","659.04","37.42","11.34","17.85","258.78","358.09","-","133.95","0.41"
"Nestle India Ltd","FMCG - Foods","227025.27","57.73","-4.23","67.95","8.96","37.93","54.38","1.37","1211.59","40.79"
"Indian Oil Corporation Ltd","Oil & Gas - Refining & Marketing","226109.27","5.42","-6.31","1.20","0.29","4.32","3.18","7.31","326.16","30.30"
"DLF Ltd","Real Estate","213062.46","78.13","-0.51","5.40","30.62","80.28","83.92","0.58","33.96","11.02"
"Hindustan Zinc Ltd","Mining - Diversified","212005.38","27.32","22.47","13.95","7.07","14.30","15.89","2.59","-26.22","18.35"
"Jio Financial Services Ltd","Consumer Finance","207879.46","129.56","-14.50","1.49","91.05","99.58","-","-","-96.74","5.05"
"Bharat Electronics Ltd","Electronic Equipments","206355.06","51.79","21.00","12.63","9.86","34.15","44.29","0.78","33.51","5.45"
"Tata Steel Ltd","Iron & Steel","193532.19","-43.61","-4.21","2.09","0.84","16.72","9.53","2.32","-150.12","-3.60"
"Indian Railway Finance Corp Ltd","Specialized Finance","189088.21","29.49","0.41","3.84","7.09","93.54","23.89","1.04","3.97","4.91"
"Varun Beverages Ltd","Soft Drinks","187919.74","91.40","1.11","26.52","11.66","52.01","78.60","0.17","37.29","6.33"
"Vedanta Ltd","Metals - Diversified","185441.15","43.75","24.67","4.41","1.24","6.64","5.20","5.92","-59.91","11.40"
"Grasim Industries Ltd","Cement","182366.15","32.42","19.19","1.31","1.38","12.26","-","0.36","-17.46","85.25"
"Interglobe Aviation Ltd","Airlines","177337.57","21.70","23.18","88.83","2.49","10.51","8.36","-","2770.15","211.85"
"LTIMindtree Ltd","IT Services & Consulting","175990.31","38.41","27.09","8.79","4.86","23.77","31.04","1.09","3.87","154.85"
"ABB India Ltd","Heavy Electrical Equipments","175453.78","141.26","26.89","29.51","16.32","95.37","129.82","0.29","22.22","58.61"
"SBI Life Insurance Company Ltd","Insurance","171514.35","90.57","16.03","11.50","1.28","77.42","5.89","0.16","10.01","18.92"
"Tech Mahindra Ltd","IT Services & Consulting","166451.86","70.60","40.82","6.13","3.15","29.80","26.10","2.12","-51.33","26.76"
"HDFC Life Insurance Company Ltd","Insurance","160483.16","101.95","23.09","10.94","1.57","151.39","14.97","0.27","14.02","7.32"
"Pidilite Industries Ltd","Diversified Chemicals","160391.27","92.74","8.81","18.61","12.81","57.22","58.88","0.51","35.78","34.01"
"Hindalco Industries Ltd","Metals - Aluminium","158168.13","15.58","19.57","1.49","0.73","7.75","6.57","0.50","0.04","45.18"
"Divi's Laboratories Ltd","Labs & Life Sciences Services","157290.13","98.31","58.53","11.59","19.22","60.24","124.73","0.51","-12.28","60.27"
"Power Finance Corporation Ltd","Specialized Finance","153108.22","7.75","14.74","1.14","1.67","31.06","-","2.91","24.37","59.88"
"Tata Power Company Ltd","Power Transmission & Distribution","145004.51","39.23","6.04","3.78","2.23","13.71","11.51","0.44","10.78","11.56"
"Gail (India) Ltd","Gas Distribution","144421.62","14.59","10.52","1.87","1.06","9.70","11.48","2.50","77.41","15.06"
"Bharat Petroleum Corporation Ltd","Oil & Gas - Refining & Marketing","143886.53","5.36","9.92","1.90","0.32","3.99","4.00","6.24","1158.34","62.96"
"Ambuja Cements Ltd","Cement","140866.03","39.38","-7.20","2.77","4.08","17.84","24.95","0.31","31.44","17.10"
"Samvardhana Motherson International Ltd","Auto Parts","140282.61","51.65","56.12","4.97","1.42","16.40","18.53","0.39","81.61","4.01"
"REC Limited","Specialized Finance","140219.18","9.91","22.55","2.02","2.95","32.41","-","3.00","26.67","53.72"
"Britannia Industries Ltd","FMCG - Foods","139180.93","65.04","21.56","35.09","8.20","41.19","54.09","1.27","-7.84","88.84"
"Godrej Consumer Products Ltd","FMCG - Personal Products","134361.08","-239.70","10.80","10.66","9.35","180.73","64.91","0.76","-132.92","-5.48"
"Eicher Motors Ltd","Trucks & Buses","131835.53","32.95","7.69","7.31","7.30","22.55","35.40","1.06","37.21","146.21"
"TVS Motor Company Ltd","Two Wheelers","129968.51","77.07","40.88","17.30","3.31","27.49","-","0.29","26.92","35.50"
"Bank of Baroda Ltd","Public Banks","127096.57","6.77","-5.94","1.05","0.90","1.01","-","3.10","25.91","36.20"
"Shriram Finance Ltd","Consumer Finance","124583.07","16.91","36.65","2.51","3.42","29.36","-","1.36","5.35","196.38"
"Cipla Ltd","Pharmaceuticals","123057.36","29.86","12.47","4.59","4.64","17.25","29.77","0.85","47.05","51.06"
"Adani Energy Solutions Ltd","Power Infrastructure","122236.52","107.48","-2.44","8.92","7.10","24.94","20.25","-","-10.11","10.20"
"Cholamandalam Investment and Finance Company Ltd","Consumer Finance","120914.43","35.35","26.20","6.17","6.23","52.25","-","0.14","26.88","41.12"
"JSW Energy Ltd","Power Generation","119459.22","69.34","11.96","5.68","9.99","24.93","19.16","0.27","16.55","10.50"
"CG Power and Industrial Solutions Ltd","Heavy Electrical Equipments","118549.54","83.08","45.73","39.27","13.51","64.13","298.62","0.17","44.09","9.34"
"Punjab National Bank","Public Banks","117561.32","12.91","-23.15","1.06","0.95","-","-","1.40","171.98","8.27"
"Torrent Pharmaceuticals Ltd","Pharmaceuticals","114817.62","69.32","30.89","16.75","10.56","33.54","35.15","0.83","33.02","48.94"
"Bajaj Holdings and Investment Ltd","Asset Management","114680.17","15.78","29.53","1.82","14.95","16.40","59.08","1.27","49.82","652.98"
"Bajaj Housing Finance Ltd","Consumer Finance","113745.83","65.70","-17.22","9.30","14.93","83.06","-","-","18.89","2.58"
"Havells India Ltd","Electrical Components & Equipments","113645.73","89.43","16.89","15.26","6.03","52.07","58.19","0.50","18.53","20.28"
"Macrotech Developers Ltd","Real Estate","113178.74","73.06","-4.86","6.45","10.81","42.86","45.05","0.20","213.18","15.82"
"Dr Reddy's Laboratories Ltd","Pharmaceuticals","111573.75","20.00","11.32","3.95","3.86","12.15","24.56","0.60","23.61","334.66"
"United Spirits Ltd","Alcoholic Beverages","108753.50","77.24","28.92","15.27","9.39","48.53","97.28","0.60","23.77","19.36"
"Bosch Ltd","Auto Parts","108652.06","43.61","26.41","9.01","5.94","28.76","86.73","1.02","74.77","844.69"
"ICICI Prudential Life Insurance Company Ltd","Insurance","108277.58","127.28","29.17","9.84","1.18","95.17","-","0.08","4.45","5.91"
"Mankind Pharma Ltd","Pharmaceuticals","106050.50","55.44","13.10","11.07","9.98","36.37","49.27","-","49.23","47.75"
"Hero MotoCorp Ltd","Two Wheelers","104834.58","27.99","21.58","5.88","2.71","16.98","21.29","2.67","33.22","187.35"
"Polycab India Ltd","Electrical Components & Equipments","103015.28","57.74","26.06","12.50","5.64","37.24","79.47","0.44","40.02","118.94"
"Info Edge (India) Ltd","Online Services","102785.38","178.70","37.05","3.25","34.84","101.01","146.36","0.28","634.63","44.57"
"Solar Industries India Ltd","Commodity Chemicals","101936.14","121.94","32.26","29.74","16.67","72.63","72.50","0.08","10.40","92.38"
"Indusind Bank Ltd","Private Banks","101911.77","11.35","-11.46","1.61","1.85","5.22","-","1.26","20.32","115.52"
"Zydus Lifesciences Ltd","Pharmaceuticals","101196.95","26.22","4.79","4.58","5.10","18.13","31.35","0.30","98.59","38.24"
"Indian Overseas Bank","Public Banks","100919.97","37.86","-16.05","3.66","3.39","21.84","-","-","26.70","1.41"
"Dabur India Ltd","FMCG - Personal Products","100702.73","54.65","12.26","9.77","7.81","34.76","50.01","0.97","7.81","10.41"
"Tata Consumer Products Ltd","Tea & Coffee","100627.29","87.48","-12.06","5.77","6.51","46.67","51.96","0.73","-6.03","12.08"
"Apollo Hospitals Enterprise Ltd","Hospitals & Diagnostic Centres","100453.71","111.79","11.99","13.72","5.24","41.84","52.31","0.23","9.71","62.50"
"ICICI Lombard General Insurance Company Ltd","Insurance","100156.16","52.20","20.07","8.21","4.86","37.14","41.61","0.54","10.76","39.00"
"Cummins India Ltd","Industrial Machinery","99218.20","57.67","14.42","15.01","10.31","40.42","77.19","1.06","40.10","62.07"
"Indus Towers Ltd","Telecom Infrastructure","99013.09","16.40","7.30","3.66","3.29","7.45","8.55","-","195.89","22.40"
"HDFC Asset Management Company Ltd","Asset Management","98326.52","50.61","26.19","13.90","31.08","38.89","60.89","1.52","36.47","91.01"
"Lupin Ltd","Pharmaceuticals","98159.76","51.27","34.19","6.83","4.87","25.22","26.91","0.37","344.56","42.05"
"Oracle Financial Services Software Ltd","Software Services","97123.24","43.76","48.52","12.36","14.46","29.32","54.24","2.14","22.58","256.47"
"Rail Vikas Nigam Ltd","Specialized Finance","97088.96","61.67","76.28","11.10","4.19","37.83","32.86","-","17.33","7.55"
"Indian Hotels Company Ltd","Hotels Resorts & Cruise Lines","96651.05","76.76","16.00","9.54","13.90","41.82","49.95","0.26","25.45","8.85"
"Suzlon Energy Ltd","Renewable Energy Equipment & Services","96386.43","145.96","72.90","24.59","14.66","94.83","1211.95","-","-80.00","0.51"
"Jindal Steel And Power Ltd","Iron & Steel","96012.81","16.17","3.41","2.15","1.90","10.45","15.98","0.21","87.88","59.17"
"Torrent Power Ltd","Power Transmission & Distribution","94539.72","51.57","33.21","7.50","3.43","21.48","22.20","0.81","-13.42","38.14"
"Mazagon Dock Shipbuilders Ltd","Shipbuilding","94118.64","48.59","114.84","15.07","8.91","31.74","137.65","-","73.09","96.04"
"Canara Bank Ltd","Public Banks","93300.72","6.11","-14.25","1.00","0.67","-","6.20","3.13","35.75","16.84"
"Max Healthcare Institute Ltd","Hospitals & Diagnostic Centres","92493.50","87.45","25.51","11.00","15.72","55.50","82.45","0.16","-4.27","10.89"
"Dixon Technologies (India) Ltd","Home Electronics & Appliances","92091.81","250.42","96.78","53.19","5.20","125.42","157.61","-","43.34","61.61"
"Colgate-Palmolive (India) Ltd","FMCG - Personal Products","90786.08","68.59","25.61","48.44","15.77","45.71","75.72","1.29","26.40","48.67"
"Hindustan Petroleum Corp Ltd","Oil & Gas - Refining & Marketing","88336.55","5.52","26.56","1.88","0.20","5.21","3.70","5.06","329.43","75.19"
"IDBI Bank Ltd","Private Bank","87825.62","15.17","-5.08","1.71","2.89","6.92","-","1.84","56.18","5.38"
"Shree Cement Ltd","Cement","87668.10","36.59","-0.40","4.23","4.15","16.36","26.19","0.43","88.53","663.98"
"GMR Airports Ltd","Construction & Engineering","87597.26","-156.63","2.36","-102.90","9.17","31.69","22.58","-","-211.99","-0.93"
"Bharat Heavy Electricals Ltd","Heavy Electrical Equipments","86233.30","305.55","-4.51","3.53","3.52","67.41","-","0.10","-56.86","0.81"
"Oil India Ltd","Oil & Gas - Exploration & Production","86193.95","13.61","33.19","1.64","2.52","9.01","7.88","1.82","-27.42","38.95"
"Marico Ltd","FMCG - Personal Products","85705.49","57.87","30.82","20.56","7.63","39.38","59.68","1.43","13.75","11.47"
"Union Bank of India Ltd","Public Banks","85236.84","6.18","-25.86","0.87","0.72","-","4.28","3.22","53.15","19.07"
"Tube Investments of India Ltd","Cycles","84861.74","70.68","23.69","12.58","4.78","30.78","125.69","0.08","25.57","62.13"
"Aurobindo Pharma Ltd","Pharmaceuticals","84811.56","26.73","35.68","2.84","2.87","13.75","34.84","0.31","64.62","54.15"
"Godrej Properties Ltd","Real Estate","84380.73","116.34","21.23","8.19","19.34","75.76","-","-","26.92","26.09"
"NHPC Ltd","Renewable Energy","82419.51","22.74","-7.34","1.88","7.04","17.05","11.88","2.32","-7.14","3.61"
"Persistent Systems Ltd","Software Services","80286.22","73.42","49.57","16.19","8.07","44.04","65.74","0.50","18.41","47.57"
"Adani Total Gas Ltd","Gas Distribution","79208.32","118.66","-21.59","22.12","17.46","68.90","82.93","0.03","22.14","6.07"
"Muthoot Finance Ltd","Consumer Finance","78084.73","18.06","18.51","3.03","5.15","23.11","-","-","19.69","107.72"
"PB Fintech Ltd","Online Services","76017.80","1134.93","39.46","12.94","19.91","390.12","8788.19","-","113.72","1.49"
"Bharti Hexacom Ltd","Telecom Services","75477.50","149.64","62.88","16.27","10.29","25.18","21.28","0.26","-8.16","10.09"
"Prestige Estates Projects Ltd","Real Estate","75476.86","54.93","40.98","6.40","8.00","21.20","58.18","-","45.90","34.28"
"Alkem Laboratories Ltd","Pharmaceuticals","73632.31","41.00","29.77","6.87","5.67","30.28","37.80","0.65","82.47","150.19"
"Kalyan Jewellers India Ltd","Precious Metals Jewellery & Watches","72603.91","121.54","75.27","17.34","3.90","52.79","54.93","0.17","37.93","5.80"
"Oberoi Realty Ltd","Real Estate","72558.64","37.66","40.23","5.24","15.03","26.92","25.82","0.20","1.16","52.99"
"Linde India Ltd","Commodity Chemicals","69697.68","160.56","12.24","20.09","24.43","87.33","159.51","0.15","-19.32","50.90"
"Indian Bank","Public Banks","69004.96","8.20","-1.64","1.14","1.07","2.33","-","2.34","45.18","64.95"
"Indian Railway Catering and Tourism Corporation Ltd","Online Services","68704.00","61.84","-14.12","21.27","15.47","42.30","77.88","0.76","10.46","13.89"
"SBI Cards and Payment Services Ltd","Payment Infrastructure","68391.40","28.40","-2.81","5.66","3.91","30.79","-","0.35","6.18","25.39"
"SRF Ltd","Diversified Chemicals","67524.09","50.55","-11.19","5.88","5.11","26.90","32.25","0.32","-38.23","44.91"
"Bharat Forge Ltd","Iron & Steel","67161.16","70.61","19.76","9.37","4.22","26.05","40.35","0.17","80.02","20.42"
"General Insurance Corporation of India","Insurance","67061.94","10.03","16.11","1.21","1.44","5.32","6.02","-","-3.21","38.11"
"PI Industries Ltd","Diversified Chemicals","66749.94","39.70","18.43","7.65","8.47","28.04","32.79","0.34","36.76","110.70"
"NMDC Ltd","Mining - Iron Ore","66111.54","11.87","-5.13","2.58","2.92","6.82","8.94","-","20.18","19.01"
"Yes Bank Ltd","Private Banks","65894.34","51.27","-16.59","1.56","2.00","22.36","6.83","-","63.39","0.45"
"Berger Paints India Ltd","Paints","64894.04","55.57","9.90","12.04","5.74","33.12","40.79","0.63","35.86","10.02"
"Patanjali Foods Ltd","Packaged Foods & Meats","64275.81","84.01","21.09","6.30","2.01","41.59","36.81","-","-21.58","21.14"
"JSW Infrastructure Ltd","Ports","64225.71","55.56","28.12","7.80","15.93","29.04","35.62","0.18","45.25","5.83"
"Ashok Leyland Ltd","Trucks & Buses","63955.39","25.75","26.11","5.41","1.37","12.41","-","2.27","100.47","8.46"
"Hitachi Energy India Ltd","Heavy Electrical Equipments","63281.99","386.38","83.63","46.54","12.06","172.04","250.81","0.03","74.42","38.64"
"Supreme Industries Ltd","Plastic Products","63258.75","59.14","18.42","12.38","6.14","36.12","44.77","0.60","23.62","84.21"
"Abbott India Ltd","Pharmaceuticals","61993.99","51.61","10.86","16.76","10.12","35.23","51.12","1.41","26.52","565.30"
"Schaeffler India Ltd","Auto Parts","61747.76","68.68","22.11","12.85","8.37","41.77","69.81","0.66","2.25","57.52"
"Voltas Ltd","Home Electronics & Appliances","60020.84","238.18","31.15","10.25","4.71","100.88","78.82","0.30","86.65","7.62"
"Vodafone Idea Ltd","Telecom Services","59244.84","-1.90","-34.11","-0.57","1.36","16.82","2.84","-","12.81","-6.32"
"BSE Ltd","Stock Exchanges & Ratings","58677.53","75.38","52.01","16.99","27.99","47.03","20.65","0.35","252.60","57.48"
"Thermax Limited","Industrial Machinery","57999.22","89.88","11.88","13.06","5.99","51.54","234.53","0.23","43.30","57.30"
"Motilal Oswal Financial Services Ltd","Diversified Financials","57717.52","23.64","65.67","6.58","8.09","19.10","-","0.44","162.05","41.10"
"Jindal Stainless Ltd","Iron & Steel","57545.73","21.21","-1.94","4.00","1.48","12.19","11.94","0.29","5.10","32.95"
"Balkrishna Industries Ltd","Tires & Rubber","57406.51","39.01","25.44","6.48","5.85","21.84","27.56","0.54","39.16","76.12"
"Fertilisers And Chemicals Travancore Ltd","Fertilizers & Agro Chemicals","57013.51","390.02","32.47","41.44","10.84","177.11","204.73","-","-76.15","2.26"
"Mphasis Ltd","IT Services & Consulting","56476.31","36.32","33.44","6.42","4.18","20.69","25.91","-","-5.37","82.40"
"Indian Renewable Energy Development Agency Ltd","Specialized Finance","56451.12","45.08","23.18","6.60","11.37","61.44","-","-","33.09","5.04"
"Aditya Birla Capital Ltd","Diversified Financials","56208.27","16.85","6.44","1.96","1.61","34.46","-","-","-33.01","13.29"
"Phoenix Mills Ltd","Real Estate","56204.55","51.13","1.59","4.54","13.68","26.74","26.00","0.16","-17.70","30.76"
"Sundaram Finance Ltd","Consumer Finance","55836.52","38.88","12.24","5.04","7.66","49.75","-","0.59","8.15","130.31"
"L&T Technology Services Ltd","Software Services","55628.15","42.67","1.32","10.40","5.64","25.22","37.26","0.95","7.44","123.41"
"UCO Bank","Public Banks","55463.69","33.18","-16.19","2.04","2.21","9.28","55.37","0.60","-8.47","1.40"
"MRF Ltd","Tires & Rubber","54389.67","26.13","-0.60","3.26","2.13","11.93","16.48","0.16","170.66","4907.21"
"UNO Minda Ltd","Auto Parts","53982.88","61.32","29.52","10.25","3.78","30.44","55.12","0.21","34.36","15.35"
"Procter & Gamble Hygiene and Health Care Ltd","FMCG - Personal Products","53261.25","78.90","2.84","56.30","12.51","51.14","64.50","-","-0.46","207.95"
"Gujarat Fluorochemicals Ltd","Specialty Chemicals","52866.96","121.54","29.71","8.91","12.05","53.99","84.40","-","-67.27","39.60"
"Tata Communications Ltd","Telecom Services","52806.23","54.53","7.54","29.50","2.48","14.75","16.60","0.90","-46.08","33.98"
"Lloyds Metals And Energy Ltd","Iron & Steel","52584.79","42.31","36.85","18.71","8.00","29.36","30.91","0.10","472.69","24.61"
"Steel Authority of India Ltd","Iron & Steel","52234.62","17.03","-14.78","0.91","0.49","7.44","17.94","-","40.90","7.42"
"Petronet LNG Ltd","Oil & Gas - Storage & Transportation","52035.00","14.25","16.43","2.99","0.98","8.19","10.68","2.88","9.82","24.35"
"United Breweries Ltd","Alcoholic Beverages","52017.75","126.86","6.12","12.43","6.35","67.42","748.46","0.05","34.89","15.51"
"Fsn E-Commerce Ventures Ltd","Wellness Services","52017.23","1612.44","8.33","40.61","8.11","140.03","208068.91","-","67.16","0.11"
"Container Corporation of India Ltd","Logistics","51805.25","41.10","-10.10","4.33","5.62","21.00","37.31","1.35","7.38","20.69"
"IDFC First Bank Ltd","Private Banks","51506.54","17.51","-15.38","1.60","1.42","8.70","4.46","-","11.04","4.30"
"Astral Ltd","Building Products - Pipes","49697.34","91.00","-5.69","15.20","8.74","51.33","60.36","0.20","39.32","20.33"
"Page Industries Ltd","Apparel & Accessories","49652.20","87.23","25.42","31.09","10.25","55.50","45.95","0.83","-0.36","510.31"
"AU Small Finance Bank Ltd","Consumer Finance","49434.08","32.21","9.42","3.94","4.02","19.35","18.95","0.14","4.31","22.98"
"Central Bank of India Ltd","Public Banks","49168.84","18.43","-12.32","1.52","1.38","2.49","-","-","58.91","3.07"
"Glenmark Pharmaceuticals Ltd","Pharmaceuticals","48446.06","-32.26","65.18","6.17","3.71","31.35","-","-","-605.17","-53.22"
"Federal Bank Ltd","Private Banks","47431.12","12.22","25.99","1.53","1.77","5.29","7.38","0.62","13.65","17.05"
"Bank of India Ltd","Public Banks","47397.83","7.22","-26.29","0.67","0.70","-","-","2.69","62.17","15.16"
"Coromandel International Ltd","Fertilizers & Agro Chemicals","47279.67","28.79","46.76","5.00","2.12","17.02","33.12","0.37","-18.55","55.81"
"SJVN Ltd","Renewable Energy","46917.82","51.48","-7.20","3.33","15.49","28.57","35.83","1.51","-32.95","2.32"
"KPIT Technologies Ltd","IT Services & Consulting","46860.92","78.82","25.20","21.67","9.50","44.10","46.78","0.39","55.71","21.96"
"Premier Energies Ltd","Renewable Energy","46573.47","201.31","24.10","70.58","14.68","93.93","516.62","-","2113.78","7.77"
"One 97 Communications Ltd","Business Support Services","46223.61","-32.62","92.20","3.48","4.39","-","71.03","-","19.42","-22.32"
"Tata Elxsi Ltd","Software Services","46145.96","58.25","-0.37","18.42","12.56","38.50","65.81","0.94","4.91","127.21"
"Fortis Healthcare Ltd","Hospitals & Diagnostic Centres","45927.88","76.69","37.84","5.37","6.34","35.58","41.75","0.16","1.72","7.93"
"Honeywell Automation India Ltd","Electronic Equipments","45602.90","90.95","15.23","12.65","10.86","58.08","103.95","0.19","14.47","567.10"
"Coforge Ltd","IT Services & Consulting","45540.50","56.36","33.83","12.22","4.93","30.91","50.41","1.03","15.60","131.48"
"GE Vernova T&D India Ltd","Heavy Electrical Equipments","45215.26","249.74","78.79","36.38","14.17","127.42","87.23","0.11","12251.01","7.07"
"GlaxoSmithKline Pharmaceuticals Ltd","Pharmaceuticals","44785.87","75.91","35.57","25.19","12.45","48.36","76.95","1.21","-3.39","34.83"
"Nippon Life India Asset Management Ltd","Asset Management","44414.61","40.11","21.40","11.15","21.80","31.95","57.13","2.34","52.11","17.67"
"ACC Ltd","Cement","43222.06","18.50","-4.24","2.65","2.09","10.79","14.43","0.33","163.98","124.03"
"APL Apollo Tubes Ltd","Building Products - Pipes","42712.42","58.32","-0.65","11.85","2.35","34.34","38.43","-","8.51","26.40"
"Tata Technologies Ltd","IT Services & Consulting","42706.75","62.86","0.10","13.26","8.16","39.65","145.10","0.95","10.53","16.75"
"National Aluminium Co Ltd","Metals - Aluminium","42242.53","21.24","24.02","2.94","3.06","11.38","15.53","2.17","38.60","10.83"
"Adani Wilmar Ltd","FMCG - Foods","42135.58","284.74","-4.28","5.07","0.82","30.50","145.84","-","-74.58","1.14"
"Housing and Urban Development Corporation Ltd","Specialized Finance","41763.64","19.73","6.68","2.51","5.25","40.44","-","-","24.41","10.57"
"Blue Star Ltd","Home Electronics & Appliances","41489.98","99.99","38.56","15.88","4.26","57.67","143.45","0.35","0.24","20.84"
"Exide Industries Ltd","Batteries","41382.25","47.20","4.49","3.21","2.45","21.93","27.02","0.41","6.56","10.31"
"Max Financial Services Ltd","Insurance","41180.82","121.08","12.54","9.42","0.88","98.80","6.74","-","-9.94","9.90"
"Escorts Kubota Ltd","Tractors","41170.16","39.24","17.89","4.49","4.44","23.99","39.89","0.48","79.32","86.55"
"IPCA Laboratories Ltd","Pharmaceuticals","40956.74","74.83","21.48","5.30","5.19","32.03","43.36","0.25","16.13","21.57"
"Bharat Dynamics Ltd","Aerospace & Defense Equipments","40945.03","66.83","21.14","11.26","14.99","40.86","99.45","0.47","73.98","16.72"
"UPL Ltd","Fertilizers & Agro Chemicals","40941.89","-34.12","10.55","1.25","0.94","15.97","22.47","0.18","-133.91","-15.99"
"Jubilant Foodworks Ltd","Restaurants & Cafes","40933.76","102.51","41.97","18.25","6.96","32.80","40.54","0.19","13.06","6.05"
"Biocon Ltd","Biotechnology","40408.86","39.52","24.43","1.60","2.59","14.65","13.68","0.15","120.99","8.52"
"360 One Wam Ltd","Investment Banking & Brokerage","40390.87","50.22","43.59","11.71","13.81","46.21","-","1.47","21.54","22.50"
"Cochin Shipyard Ltd","Shipbuilding","40267.14","51.41","38.50","8.05","9.72","30.97","-","-","242.74","39.70"
"Bank of Maharashtra Ltd","Public Banks","40142.23","9.86","-18.96","2.02","1.71","2.14","3.47","2.47","52.34","5.90"
"L&T Finance Ltd","Consumer Finance","39364.56","16.97","-3.62","1.67","2.80","35.43","58.45","1.58","42.50","9.34"
"Sona BLW Precision Forgings Ltd","Auto Parts","39359.62","76.09","-4.18","14.06","12.27","43.19","56.82","0.46","30.62","8.83"
"Apar Industries Ltd","Electrical Components & Equipments","39263.52","47.59","33.31","10.13","2.42","23.64","-","0.52","26.25","210.39"
"Ajanta Pharma Ltd","Pharmaceuticals","39226.15","48.06","50.16","11.00","9.14","30.88","49.97","1.65","40.23","64.43"
"AIA Engineering Ltd","Industrial Machinery","38441.46","33.85","7.12","5.77","7.48","21.82","42.58","0.39","7.54","120.39"
"3M India Ltd","Stationery","38158.73","65.41","13.55","17.77","8.94","43.97","59.34","2.02","29.35","517.89"
"Deepak Nitrite Ltd","Commodity Chemicals","37868.85","46.70","20.62","7.85","4.83","29.32","43.13","0.27","-4.82","59.45"
"Gujarat Gas Ltd","Gas Distribution","37648.06","32.92","0.73","4.88","2.37","17.86","23.04","-","-25.17","16.61"
"Cholamandalam Financial Holdings Ltd","Diversified Financials","37500.10","21.16","88.63","1.69","1.44","32.83","-","0.03","37.37","94.39"
"KEI Industries Ltd","Cables","36654.35","63.12","6.32","11.64","4.50","40.76","60.04","0.09","21.60","64.39"
"Kaynes Technology India Ltd","Electrical Components & Equipments","36179.53","197.39","117.95","14.54","19.45","111.90","515.82","-","64.52","30.03"
"Ola Electric Mobility Ltd","Two Wheelers","36014.43","-22.73","-10.47","17.83","6.87","-","-","-","-7.63","-8.10"
"NLC India Ltd","Metals - Diversified","35844.56","19.33","14.46","1.85","2.36","10.86","6.37","-","32.84","13.37"
"CRISIL Ltd","Stock Exchanges & Ratings","35808.66","54.38","13.61","16.36","11.08","35.59","45.89","1.10","16.47","90.09"
"Mahindra and Mahindra Financial Services Ltd","Consumer Finance","35699.02","18.47","3.69","1.79","2.23","45.62","-","2.18","-6.80","15.66"
"Tata Investment Corporation Ltd","Asset Management","35650.46","92.61","3.46","1.19","79.12","86.78","151.79","0.40","52.84","76.08"
"Punjab & Sind Bank","Public Banks","35339.38","59.35","-14.38","2.28","3.24","25.72","20.21","0.38","-54.65","0.88"
"Aditya Birla Fashion and Retail Ltd","Retail - Apparel","34582.19","-55.07","34.66","7.32","2.43","24.54","25.78","-","-1576.36","-6.40"
"Godfrey Phillips India Ltd","FMCG - Tobacco","34526.45","39.10","116.98","8.14","7.15","27.38","118.96","0.84","27.89","169.83"
"Brainbees Solutions Ltd","Retail - Apparel","34473.83","-125.70","-2.22","9.09","5.24","217.59","-","-","54.11","-6.41"
"Dalmia Bharat Ltd","Cement","34336.22","41.57","-6.62","2.08","2.29","11.78","13.03","0.49","-20.23","44.06"
"Syngene International Ltd","Labs & Life Sciences Services","34307.45","67.27","21.25","8.06","9.59","30.89","32.92","0.15","9.65","12.70"
"New India Assurance Company Ltd","Insurance","34191.06","30.62","-6.23","1.21","0.78","13.54","-","-","6.54","6.77"
"Godrej Industries Ltd","Diversified Chemicals","34126.46","569.06","20.13","2.26","1.89","23.66","-","-","-93.85","1.78"
"IRB Infrastructure Developers Ltd","Construction & Engineering","33945.22","56.03","-16.17","2.47","4.14","13.26","8.37","0.85","362.69","1.00"
"Multi Commodity Exchange of India Ltd","Stock Exchanges & Ratings","33743.48","406.01","69.83","24.48","44.46","234.97","64.78","-","-44.21","16.30"
"Endurance Technologies Ltd","Auto Parts","33560.75","49.32","29.11","6.74","3.25","23.38","31.75","0.36","41.89","48.38"
"Aditya Birla Real Estate Ltd","Textiles","33469.81","662.38","61.63","8.17","7.32","78.54","-","0.17","-81.41","4.52"
"LIC Housing Finance Ltd","Home Financing","33430.08","7.02","-8.36","1.06","1.23","46.37","-","1.48","64.63","86.52"
"BASF India Ltd","Diversified Chemicals","33405.04","59.31","113.26","10.36","2.41","34.11","41.38","0.19","-","130.13"
"Metro Brands Ltd","Footwear","33043.17","80.10","13.58","17.45","13.61","43.26","56.00","0.41","14.04","15.18"
"Go Digit General Insurance Ltd","Insurance","32866.40","180.90","17.03","12.19","4.52","164.71","19.10","-","406.48","2.08"
"J K Cement Ltd","Cement","32517.57","41.12","3.20","6.11","2.78","16.85","16.60","-","86.71","102.35"
"Suven Pharmaceuticals Ltd","Pharmaceuticals","32502.85","108.25","100.30","15.85","29.20","67.87","90.67","-","-26.99","11.80"
"Central Depository Services (India) Ltd","Stock Exchanges & Ratings","32434.71","77.39","54.25","21.52","35.75","54.64","84.04","0.71","51.88","20.05"
"Apollo Tyres Ltd","Tires & Rubber","32409.20","18.82","6.30","2.33","1.27","7.90","9.42","1.18","64.64","27.11"
"Embassy Office Parks REIT","Real Estate","32216.06","33.42","9.12","1.38","8.10","15.31","12.43","7.81","90.54","10.17"
"Vedant Fashions Ltd","Textiles","31970.38","77.19","41.08","19.96","22.24","43.68","66.18","0.65","-3.51","17.06"
"Star Health and Allied Insurance Company Ltd","Insurance","31878.48","37.73","-5.56","4.99","2.27","26.87","24.34","-","35.46","14.48"
"Authum Investment & Infrastructure Ltd","Specialized Finance","31724.52","7.40","135.11","3.07","11.89","7.65","9.67","-","-0.45","252.28"
"KPR Mill Ltd","Textiles","31523.80","39.14","9.14","7.23","5.15","24.90","46.50","0.54","-0.75","23.56"
"Indraprastha Gas Ltd","Gas Distribution","31020.54","15.63","1.37","3.21","2.12","9.41","20.25","-","21.07","28.36"
"TVS Holdings Ltd","Auto Parts","30961.19","38.68","69.92","4.43","0.77","15.24","-","0.61","34.93","357.95"
"Brigade Enterprises Ltd","Real Estate","30769.83","68.13","29.02","8.65","6.08","25.23","92.13","0.15","54.69","19.56"
"Hindustan Copper Ltd","Mining - Copper","30625.65","103.71","-16.45","13.40","17.29","51.10","104.86","0.29","-0.05","3.05"
"Emami Ltd","FMCG - Personal Products","30304.01","41.88","55.37","12.33","8.36","30.45","38.90","1.15","13.72","16.49"
"Tata Chemicals Ltd","Diversified Chemicals","30290.52","113.02","6.60","1.31","1.88","15.16","10.04","1.26","-88.43","10.52"
"Himadri Speciality Chemical Ltd","Commodity Chemicals","30194.48","73.51","74.66","9.92","7.14","43.72","74.60","0.08","75.06","8.88"
"Piramal Pharma Ltd","Pharmaceuticals","30097.43","1688.97","61.43","3.80","3.58","24.98","29.96","0.05","109.15","0.14"
"Bayer Cropscience Ltd","Fertilizers & Agro Chemicals","29937.73","40.43","17.99","10.51","5.77","27.79","31.46","2.10","-2.33","164.77"
"Whirlpool of India Ltd","Home Electronics & Appliances","29809.17","137.34","54.00","7.76","4.26","51.03","48.86","0.21","-0.90","17.11"
"Bandhan Bank Ltd","Private Banks","29785.25","13.36","2.26","1.38","1.42","4.28","2.01","0.81","1.58","13.84"
"Sun Tv Network Ltd","TV Channels & Broadcasters","29751.42","15.45","23.79","2.82","6.20","7.82","13.70","2.22","12.81","48.85"
"J B Chemicals and Pharmaceuticals Ltd","Pharmaceuticals","29603.70","53.57","6.61","10.13","8.41","31.60","36.98","0.64","34.57","35.66"
"Radico Khaitan Ltd","Alcoholic Beverages","29350.93","111.95","26.10","12.03","7.10","57.61","160.50","0.14","18.96","19.61"
"Poonawalla Fincorp Ltd","Consumer Finance","29297.52","17.41","-23.69","3.59","5.34","19.88","-","0.53","145.13","21.88"
"Sundram Fasteners Ltd","Auto Parts","29286.64","56.14","30.53","8.51","5.12","31.79","49.75","0.49","5.46","24.83"
"Delhivery Ltd","Logistics","28761.81","-115.42","-13.75","3.15","3.34","49.06","60.88","-","76.87","-3.40"
"Inox Wind Ltd","Heavy Electrical Equipments","28297.54","-699.74","46.54","12.91","15.73","103.55","-","-","95.20","-0.31"
"Gillette India Ltd","FMCG - Personal Products","28195.17","68.48","34.00","28.51","10.60","42.45","60.95","1.50","15.75","126.35"
"Global Health Ltd","Hospitals & Diagnostic Centres","28146.45","77.99","-26.33","9.88","11.81","45.28","82.63","-","33.19","13.45"
"Motherson Sumi Wiring India Ltd","Cables","28113.83","44.04","-8.64","16.77","3.37","27.55","35.54","1.26","31.06","1.44"
"Mangalore Refinery and Petrochemicals Ltd","Oil & Gas - Refining & Marketing","27734.88","7.71","-29.10","2.09","0.31","5.11","3.94","1.90","35.46","20.52"
"NBCC (India) Ltd","Construction & Engineering","27696.60","68.97","22.90","11.48","2.60","39.54","379.15","0.41","50.59","1.49"
"Carborundum Universal Ltd","Industrial Machinery","27692.84","60.04","13.10","8.48","5.74","31.94","46.04","0.27","11.30","24.26"
"ICICI Securities Ltd","Investment Banking & Brokerage","27617.52","16.30","17.51","7.09","5.47","13.97","-","3.40","52.25","52.43"
"Gland Pharma Ltd","Pharmaceuticals","27600.86","35.73","-5.72","3.16","4.73","17.38","27.69","1.19","-1.22","46.90"
"Emcure Pharmaceuticals Ltd","Pharmaceuticals","27478.83","55.16","6.92","8.80","4.09","23.07","25.04","-","-6.44","27.52"
"Dr. Lal PathLabs Ltd","Hospitals & Diagnostic Centres","27461.15","76.77","45.71","14.57","11.96","39.50","51.30","0.55","49.65","42.88"
"Timken India Ltd","Industrial Machinery","27437.91","69.97","20.17","11.35","9.30","43.99","80.72","0.07","0.36","52.13"
"Angel One Ltd","Investment Banking & Brokerage","27192.70","24.16","6.75","8.95","6.35","12.72","-","1.07","25.60","134.45"
"Grindwell Norton Ltd","Industrial Machinery","26588.30","69.31","17.24","12.86","9.65","44.33","72.26","0.71","6.01","34.65"
"ZF Commercial Vehicle Control Systems India Ltd","Auto Parts","26518.67","65.24","-1.16","9.50","6.78","38.11","137.50","0.12","27.95","214.29"
"Sumitomo Chemical India Ltd","Commodity Chemicals","26322.45","71.23","29.19","10.77","8.95","45.24","34.76","1.12","-26.41","7.40"
"SKF India Ltd","Industrial Machinery","26228.32","47.53","16.01","9.78","5.62","30.82","42.03","2.45","5.13","111.70"
"Hatsun Agro Product Ltd","FMCG - Foods","26194.08","98.00","14.81","16.66","3.27","31.29","-","0.51","60.01","12.00"
"Aegis Logistics Ltd","Oil & Gas - Storage & Transportation","26130.20","45.91","45.67","5.86","3.61","24.63","39.86","0.44","22.95","16.21"
"KEC International Ltd","Construction & Engineering","26122.21","75.33","33.14","6.38","1.31","21.18","83.96","0.39","97.00","13.49"
"Crompton Greaves Consumer Electricals Ltd","Home Electronics & Appliances","26048.51","59.21","31.74","7.55","3.53","33.58","30.88","0.74","-5.75","6.88"
"Narayana Hrudayalaya Ltd","Hospitals & Diagnostic Centres","25893.20","32.81","1.54","8.97","5.08","21.14","24.28","0.32","30.19","38.62"
"Pfizer Ltd","Pharmaceuticals","25608.89","46.45","35.10","7.12","10.75","28.65","99.71","0.63","-11.64","120.50"
"CESC Ltd","Power Generation","25534.46","18.55","34.19","2.13","1.48","8.86","10.86","2.35","2.50","10.33"
"Five-Star Business Finance Ltd","Consumer Finance","25427.31","30.42","25.32","4.89","11.58","26.37","-","-","38.25","28.64"
"Ratnamani Metals and Tubes Ltd","Building Products - Pipes","25177.40","40.43","24.20","7.83","4.91","25.88","49.25","0.39","22.00","88.85"
"Anant Raj Ltd","Real Estate","25101.62","96.21","109.00","6.81","16.51","68.51","-","0.10","58.30","7.83"
"Laurus Labs Ltd","Pharmaceuticals","25084.39","156.24","8.19","6.09","4.95","34.24","37.68","0.17","-79.71","2.98"
"Nuvama Wealth Management Ltd","Diversified Financials","24942.34","39.89","32.90","8.60","7.89","20.12","-","-","103.26","177.73"
"Poly Medicure Ltd","Health Care Equipment & Supplies","24821.76","96.11","58.20","16.88","17.27","58.59","93.29","-","44.01","26.91"
"Jyoti CNC Automation Ltd","Computer Hardware","24627.65","163.25","39.60","18.05","18.31","79.84","-","-","761.11","11.59"
"EIH Ltd","Hotels Resorts & Cruise Lines","24601.83","38.49","-17.73","6.02","9.00","22.66","34.57","0.31","103.17","10.22"
"Natco Pharma Ltd","Pharmaceuticals","24597.16","17.72","36.55","4.20","5.96","12.54","20.30","-","95.82","76.79"
"Shyam Metalics and Energy Ltd","Iron & Steel","24459.05","23.64","44.63","2.37","1.83","14.13","13.63","0.51","16.13","38.82"
"Amara Raja Energy & Mobility Ltd","Batteries","24346.95","26.06","27.74","3.58","2.06","13.59","19.23","0.74","23.44","52.81"
"Triveni Turbine Ltd","Heavy Electrical Equipments","24328.71","90.40","44.17","25.31","14.17","61.18","89.77","0.47","40.97","8.47"
"PNB Housing Finance Ltd","Home Financing","23778.22","15.77","18.86","1.59","3.37","38.00","-","-","26.73","65.05"
"Piramal Enterprises Ltd","Diversified Financials","23146.01","-13.75","23.27","0.87","2.24","-","875.75","0.97","-124.58","-72.67"
"Tejas Networks Ltd","Telecom Equipments","23144.03","367.48","45.40","7.35","9.13","73.79","-","-","240.26","2.68"
"CPSE ETF","Equity","23025.67","-","14.51","-","-","-","-","0.00","-","-"
"Computer Age Management Services Ltd","Diversified Financials","22890.45","64.73","43.42","25.00","19.45","41.01","57.01","1.00","23.68","72.07"
"Firstsource Solutions Ltd","Outsourced services","22582.52","43.87","63.91","6.10","3.54","23.17","35.02","1.08","0.19","7.39"
"Kansai Nerolac Paints Ltd","Paints","22542.15","19.02","2.24","4.03","2.64","11.93","24.96","1.34","150.31","14.66"
"ITI Ltd","Telecom Equipments","22479.95","-39.51","-16.28","12.60","17.18","-","23.08","-","-55.83","-5.96"
"Alembic Pharmaceuticals Ltd","Pharmaceuticals","22421.96","36.41","19.81","4.65","3.58","23.74","27.92","0.96","80.07","31.33"
"Atul Ltd","Diversified Chemicals","22381.92","69.29","29.03","4.33","4.67","31.46","33.53","0.26","-37.04","109.41"
"Bikaji Foods International Ltd","FMCG - Foods","22284.01","83.87","73.13","18.32","9.46","53.11","91.07","-","93.72","10.65"
"Gujarat State Petronet Ltd","Gas Distribution","22057.84","13.29","28.67","1.53","1.26","6.66","7.87","1.28","1.10","29.41"
"Jindal SAW Ltd","Building Products - Pipes","21873.02","13.04","39.56","2.33","1.04","7.45","8.44","0.58","160.43","26.22"
"KIOCL Ltd","Iron & Steel","21824.34","-262.00","-17.50","11.38","11.46","-","208.39","-","14.70","-1.37"
"Krishna Institute of Medical Sciences Ltd","Hospitals & Diagnostic Centres","21801.57","70.30","38.80","10.42","8.68","35.25","41.84","-","-7.79","7.75"
"Aditya Birla Sun Life Amc Ltd","Asset Management","21721.71","27.84","47.37","6.85","13.24","20.83","31.72","1.79","30.83","27.09"
"Jupiter Wagons Ltd","Rail","21713.08","65.49","28.73","13.31","5.92","42.68","-","0.11","165.99","8.29"
"Kajaria Ceramics Ltd","Building Products - Ceramics","21573.13","51.11","14.06","8.06","4.66","28.68","35.86","0.89","22.51","26.51"
"Castrol India Ltd","Commodity Chemicals","21462.97","24.84","4.25","10.12","4.16","15.88","25.16","-","6.01","8.74"
"Amber Enterprises India Ltd","Home Electronics & Appliances","21429.21","161.26","73.42","10.13","3.16","40.79","22.21","-","-15.47","39.44"
"Aster DM Healthcare Ltd","Hospitals & Diagnostic Centres","21326.71","164.97","-16.57","4.24","5.72","37.99","135.14","0.47","-69.57","2.59"
"Affle (India) Ltd","Advertising","21020.58","70.71","41.15","8.41","11.06","47.86","80.15","-","18.49","21.76"
"Devyani International Ltd","Restaurants & Cafes","20853.93","441.17","6.06","15.46","5.81","40.92","35.20","-","-82.17","0.39"
"Signatureglobal (India) Ltd","Real Estate","20838.44","1289.51","20.44","33.11","15.73","390.82","225.52","-","122.76","1.22"
"Kalpataru Projects International Ltd","Power Infrastructure","20746.81","40.71","6.37","4.06","1.05","12.62","24.61","0.63","10.81","31.37"
"Garden Reach Shipbuilders & Engineers Ltd","Shipbuilding","20666.33","57.85","107.69","12.35","5.31","31.80","-","0.52","56.60","31.19"
"JBM Auto Ltd","Auto Parts","20641.22","115.42","-1.18","17.32","4.10","36.99","100.79","0.09","43.79","15.12"
"Elgi Equipments Ltd","Industrial Machinery","20516.86","65.78","5.70","12.73","6.26","37.00","71.31","0.31","-15.89","9.84"
"Concord Biotech Ltd","Pharmaceuticals","20454.56","66.39","23.48","13.40","19.40","42.98","77.05","0.45","28.33","29.45"
"Vinati Organics Ltd","Specialty Chemicals","20179.03","62.48","18.72","8.20","10.41","39.51","60.81","0.36","-23.28","31.29"
"Nexus Select Trust","Real Estate","20173.74","33.70","8.30","1.35","10.07","17.02","16.57","1.57","-","7.90"
"Jai Balaji Industries Ltd","Iron & Steel","20171.70","22.93","10.55","13.41","3.04","18.33","24.05","-","1159.40","56.91"
"Mindspace Business Parks REIT","Real Estate","20155.50","38.39","8.44","1.35","8.14","15.60","13.20","1.40","85.12","8.85"
"Ircon International Ltd","Construction & Engineering","20116.69","21.64","-3.80","3.41","1.56","11.37","-","1.45","21.48","9.88"
"CIE Automotive India Ltd","Auto Parts","20102.41","17.87","11.09","3.36","2.07","10.88","14.53","0.94","926.02","29.66"
"Finolex Industries Ltd","Building Products - Pipes","19912.80","42.05","28.56","3.53","4.39","22.88","56.36","0.78","89.24","7.66"
"Century Plyboards (India) Ltd","Wood Products","19783.39","60.61","39.31","8.97","5.03","36.27","78.61","-","-13.25","14.60"
"Ramco Cements Limited","Cement","19729.23","54.81","4.87","2.72","2.10","15.29","10.35","0.30","14.44","15.23"
"Cyient Ltd","Software Services","19711.26","28.87","-7.60","4.33","2.73","15.17","27.15","1.69","32.39","61.66"
"Finolex Cables Ltd","Cables","19667.24","30.18","31.47","3.98","3.69","19.14","34.09","-","29.23","42.61"
"PTC Industries Ltd","Iron & Steel","19632.99","465.02","70.48","30.41","72.64","228.49","-","-","55.47","30.35"
"Blue Dart Express Ltd","Logistics","19578.63","65.04","30.46","14.32","3.68","22.33","23.12","0.30","-18.76","126.86"
"Bombay Burmah Trading Corporation Ltd","Tea & Coffee","19540.32","28.55","78.35","2.94","1.12","6.57","9.59","0.04","140.83","98.03"
"Chambal Fertilisers and Chemicals Ltd","Fertilizers & Agro Chemicals","19521.78","15.30","30.86","2.66","1.07","8.11","5.87","1.54","25.71","31.24"
"Sobha Ltd","Real Estate","19354.65","394.11","8.31","7.70","6.01","51.82","29.89","0.15","-52.87","5.04"
"Relaxo Footwears Ltd","Footwear","19310.17","96.32","-4.52","9.65","6.56","44.17","82.13","0.39","29.78","8.05"
"Techno Electric & Engineering Company Ltd","Construction & Engineering","19187.10","71.47","70.51","8.87","11.71","52.13","-","0.39","45.26","24.95"
"Schneider Electric Infrastructure Ltd","Heavy Electrical Equipments","19166.58","111.41","9.14","41.03","8.65","64.78","99.87","-","39.15","7.19"
"R R Kabel Ltd","Cables","19049.47","63.90","3.03","10.42","2.86","36.29","56.19","0.36","44.13","28.60"
"NCC Ltd","Construction & Engineering","19036.31","26.79","25.03","2.79","0.91","10.18","14.00","0.73","14.99","11.32"
"Jyothy Labs Ltd","FMCG - Household Products","19003.05","51.44","24.16","10.50","6.76","35.05","41.50","0.68","54.11","10.06"
"Chalet Hotels Ltd","Hotels Resorts & Cruise Lines","18912.10","67.99","-2.37","9.22","13.16","35.71","27.43","-","51.56","13.55"
"Cello World Ltd","FMCG - Household Products","18906.65","57.11","-2.97","13.80","9.34","36.16","81.78","0.17","19.13","16.26"
"Jubilant Pharmova Ltd","Pharmaceuticals","18740.81","243.07","73.76","3.46","2.76","25.99","19.29","0.42","226.77","4.85"
"Welspun Corp Ltd","Iron & Steel","18707.20","16.85","29.60","3.25","1.05","9.31","14.32","-","436.49","42.45"
"V Guard Industries Ltd","Electrical Components & Equipments","18643.87","72.38","24.09","10.28","3.81","41.15","47.47","0.33","35.75","5.94"
"IIFL Finance Ltd","Investment Banking & Brokerage","18533.84","10.51","6.93","1.54","1.77","22.84","-","-","18.96","45.61"
"Aarti Industries Ltd","Specialty Chemicals","18497.54","44.42","-29.15","3.50","2.90","21.94","15.36","0.20","-18.05","11.49"
"Aadhar Housing Finance Ltd","Consumer Finance","18485.46","24.66","30.54","4.15","7.15","31.79","-","-","37.61","18.99"
"Astrazeneca Pharma India Ltd","Pharmaceuticals","18480.38","114.42","40.97","25.96","13.72","76.29","663.09","0.32","62.66","64.60"
"Bata India Ltd","Footwear","18389.72","70.05","6.56","12.04","5.19","23.71","40.59","0.84","-18.73","20.42"
"Aptus Value Housing Finance India Ltd","Home Financing","18140.22","29.65","13.42","4.81","12.80","28.65","-","0.55","21.40","12.28"
"Eris Lifesciences Ltd","Pharmaceuticals","18072.81","46.11","50.63","5.61","8.69","28.75","37.19","-","2.53","28.82"
"HFCL Ltd","Telecom Equipments","18020.20","54.64","31.41","4.51","3.95","27.40","-","-","7.05","2.34"
"Karur Vysya Bank Ltd","Private Banks","17958.73","11.19","14.87","1.79","1.82","5.59","6.08","1.07","44.69","19.98"
"Ramkrishna Forgings Ltd","Rail","17932.66","52.52","32.73","6.68","4.50","21.72","28.87","0.20","29.17","20.04"
"Great Eastern Shipping Company Ltd","Oil & Gas - Storage & Transportation","17873.02","6.84","21.42","1.44","3.02","3.82","6.36","3.50","1.52","183.10"
"Kfin Technologies Ltd","Business Support Services","17793.04","72.31","65.44","15.59","20.64","44.85","61.51","0.55","24.45","14.46"
"LMW Ltd","Industrial Machinery","17728.65","47.45","-2.64","6.56","3.66","28.39","126.11","0.45","-2.70","349.77"
"Tbo Tek Ltd","Tour & Travel Services","17693.16","87.53","18.49","32.48","12.49","60.43","78.12","-","40.14","19.39"
"Newgen Software Technologies Ltd","Software Services","17677.75","70.26","71.68","14.45","13.68","50.50","62.82","0.32","41.78","18.03"
"PCBL Ltd","Commodity Chemicals","17555.79","35.76","76.31","5.40","2.72","20.59","15.88","1.18","66.68","13.01"
"Neuland Laboratories Ltd","Pharmaceuticals","17475.14","58.24","78.56","13.62","11.12","36.74","66.91","0.10","83.50","233.88"
"Akzo Nobel India Ltd","Specialty Chemicals","17458.33","40.92","58.32","13.13","4.37","25.45","35.96","1.70","27.31","93.68"
"Sarda Energy & Minerals Ltd","Iron & Steel","17280.78","33.04","116.27","4.33","4.26","17.80","22.97","-","-12.14","14.84"
"Waaree Renewable Technologies Ltd","Construction & Engineering","17243.42","116.41","-33.81","74.32","19.60","81.44","135.99","0.06","167.09","14.23"
"Doms Industries Ltd","Office Supplies","17227.89","112.50","57.15","20.45","11.13","60.54","94.35","-","53.77","26.19"
"Anand Rathi Wealth Ltd","Asset Management","17203.54","76.47","3.06","26.00","22.88","53.03","61.98","0.34","33.23","53.87"
"Asahi India Glass Ltd","Auto Parts","17159.72","52.32","22.20","7.36","3.92","25.06","26.26","0.28","-10.11","13.49"
"Trident Ltd","Textiles","17089.25","48.89","-13.15","3.96","2.49","18.72","59.48","1.07","-20.70","0.69"
"DCM Shriram Ltd","Diversified Chemicals","16987.82","38.00","19.47","2.60","1.50","16.95","21.40","0.64","-50.91","27.27"
"BEML Ltd","Rail","16944.94","60.13","17.62","6.35","4.14","34.92","37.02","0.51","100.68","67.26"
"Clean Science and Technology Ltd","Specialty Chemicals","16905.58","69.28","21.93","14.05","20.30","44.41","71.30","0.31","-17.34","22.97"
"Sonata Software Ltd","IT Services & Consulting","16895.50","54.77","-9.04","12.01","1.93","24.42","60.22","1.87","-31.81","11.12"
"Kirloskar Oil Engines Ltd","Industrial Machinery","16841.85","38.11","24.07","6.33","2.84","19.20","-","0.52","32.78","30.51"
"Zen Technologies Ltd","Electronic Equipments","16737.45","130.88","82.13","35.90","36.61","83.81","1247.20","0.05","190.91","15.64"
"Indian Energy Exchange Ltd","Power Trading & Consultancy","16638.56","47.43","25.66","17.11","29.62","31.87","55.75","1.34","15.12","3.94"
"Birlasoft Ltd","IT Services & Consulting","16522.75","26.49","-9.45","5.43","3.07","16.13","23.00","1.09","89.34","22.65"
"Action Construction Equipment Ltd","Heavy Machinery","16495.29","50.27","-8.21","13.39","5.52","33.35","38.06","0.14","91.22","27.56"
"Navin Fluorine International Ltd","Specialty Chemicals","16418.10","60.70","0.98","6.89","7.56","34.12","21.89","0.45","-27.91","54.58"
"HBL Power Systems Ltd","Batteries","16412.71","58.43","30.02","13.45","7.23","37.69","60.10","-","184.73","10.13"
"Gravita India Ltd","Metals - Lead","16411.77","68.61","147.48","19.30","5.07","46.32","387.07","0.22","18.94","34.65"
"Wockhardt Ltd","Pharmaceuticals","16364.82","-35.35","86.30","4.47","5.68","171.25","74.73","-","19.77","-31.13"
"Swan Energy Ltd","Textiles","16320.13","54.19","-16.35","2.03","3.20","21.17","630.85","-","866.91","10.43"
"UTI Asset Management Company Ltd","Asset Management","16263.38","21.24","36.91","3.27","9.33","16.06","50.02","3.68","74.86","60.23"
"Reliance Power Ltd","Power Generation","16252.66","-7.86","43.73","1.40","1.57","20.54","5.12","-","-304.40","-5.34"
"CreditAccess Grameen Ltd","Consumer Finance","16175.47","11.19","-31.56","2.46","3.13","18.44","-","0.10","73.11","90.86"
"Capri Global Capital Ltd","Consumer Finance","15819.87","56.62","-16.11","4.12","6.84","56.34","-","0.08","29.74","3.39"
"Indegene Ltd","Business Support Services","15605.89","46.35","14.42","10.92","5.66","25.87","30.74","-","26.23","15.18"
"PVR INOX Ltd","Theatres","15521.41","-485.04","10.28","2.12","2.48","11.90","7.84","-","92.26","-3.26"
"UTI S&P BSE Sensex ETF","Equity","15503.00","-","11.14","-","-","-","-","0.00","-","-"
"Netweb Technologies India Ltd","IT Services & Consulting","15476.63","203.88","65.55","36.61","21.03","133.40","842.50","0.07","53.51","14.15"
"Mahanagar Gas Ltd","Gas Distribution","15474.03","12.12","13.21","3.01","2.39","7.02","9.87","1.92","61.56","129.22"
"Zensar Technologies Ltd","IT Services & Consulting","15473.72","23.27","18.98","4.34","3.06","13.86","24.10","1.32","102.87","29.36"
"Sanofi India Ltd","Pharmaceuticals","15420.38","25.58","30.22","15.19","5.26","16.95","66.93","2.49","-","261.78"
"KSB Ltd","Industrial Machinery","15380.72","73.68","-4.63","11.81","6.72","45.06","108.70","0.40","14.23","11.99"
"Titagarh Rail Systems Ltd","Rail","15343.38","53.62","14.84","6.92","3.94","30.61","178.85","0.07","106.71","22.51"
"PG Electroplast Ltd","Electronic Equipments","15326.16","113.78","203.51","14.76","5.55","56.69","82.24","0.00","56.80","5.52"
"G R Infraprojects Ltd","Construction & Engineering","15211.86","11.49","16.42","2.00","1.62","7.21","-","-","-8.99","136.90"
"Welspun Living Ltd","Textiles","15204.38","22.32","7.56","3.30","1.55","11.07","28.53","-","245.39","6.95"
"Tata Teleservices (Maharashtra) Ltd","Telecom Services","15164.37","-12.34","-0.17","-0.79","12.56","64.65","25.87","-","-7.31","-6.28"
"Fine Organic Industries Ltd","Specialty Chemicals","15081.64","36.62","14.33","7.85","6.87","23.29","23.77","0.20","-33.36","134.34"
"Strides Pharma Science Ltd","Pharmaceuticals","15067.81","-213.36","94.23","7.27","3.63","36.48","21.49","-","65.55","-7.75"
"Bls International Services Ltd","Outsourced services","15064.73","48.14","9.63","10.45","8.78","36.72","43.06","0.27","55.51","7.61"
"Indiamart Intermesh Ltd","Online Services","15040.32","45.04","-3.58","8.66","10.69","25.53","26.90","0.80","78.15","55.15"
"IFCI Ltd","Specialized Finance","14892.24","143.68","35.83","1.94","7.03","22.07","1254.61","-","145.76","0.44"
"Supreme Petrochem Ltd","Specialty Chemicals","14819.54","42.77","20.97","7.34","2.76","25.74","26.60","1.40","4.33","18.43"
"Raymond Lifestyle Ltd","Apparel & Accessories","14760.82","6.70","-15.53","6.30","6.31","6.32","-","-","6019.49","1479.36"
"Godrej Agrovet Ltd","Agro Products","14733.95","40.97","38.71","5.04","1.53","20.75","21.73","1.30","19.10","18.71"
"Kirloskar Brothers Ltd","Industrial Machinery","14591.79","41.92","46.82","8.46","3.59","24.28","38.80","0.33","48.18","43.84"
"Sterling and Wilson Renewable Energy Ltd","Renewable Energy Equipment & Services","14443.12","-68.15","0.17","15.12","4.63","187.03","26.83","-","83.74","-10.02"
"RITES Ltd","Business Support Services","14442.14","31.71","-9.54","5.31","5.68","15.18","33.46","3.00","-15.98","9.48"
"Caplin Point Laboratories Ltd","Pharmaceuticals","14426.26","31.56","41.86","6.15","8.19","22.09","45.31","-","21.36","60.21"
"Akums Drugs and Pharmaceuticals Ltd","Pharmaceuticals","14413.35","-3576.51","15.01","20.00","3.42","112.33","28.93","-","-104.25","-0.28"
"Inox Wind Energy Ltd","Heavy Electrical Equipments","14368.30","-212.86","85.13","4.24","7.95","58.26","-","-","82.01","-58.02"
"LT Foods Ltd","Packaged Foods & Meats","14331.13","24.15","96.90","4.18","1.82","14.72","18.93","-","41.55","17.09"
"Granules India Ltd","Pharmaceuticals","14319.14","35.33","42.58","4.44","3.17","17.72","32.59","0.25","-20.63","16.73"
"Praj Industries Ltd","Construction & Engineering","14258.38","50.32","50.43","11.19","4.04","32.03","71.51","0.77","18.12","15.42"
"Rainbow Children's Medicare Ltd","Hospitals & Diagnostic Centres","14176.61","65.33","7.59","11.21","10.63","31.17","44.11","0.21","-0.85","21.38"
"Olectra Greentech Ltd","Electrical Components & Equipments","14174.11","184.44","-3.89","15.46","12.08","76.13","99.12","-","17.17","9.36"
"Maharashtra Scooters Ltd","Two Wheelers","14115.65","70.82","55.25","0.52","63.15","69.04","68.52","1.38","2.06","174.40"
"Craftsman Automation Ltd","Industrial Machinery","14076.58","46.23","38.42","8.04","3.15","17.66","27.42","0.17","22.58","144.11"
"NMDC Steel Ltd","Iron & Steel","14066.91","-9.02","-24.65","0.91","4.44","-","-","-","-","-5.32"
"JM Financial Ltd","Investment Banking & Brokerage","14054.36","34.29","80.10","1.27","2.91","67.43","3.87","1.36","-31.44","4.29"
"E I D-Parry (India) Ltd","Sugar","14044.67","15.61","27.99","1.25","0.47","5.66","7.12","0.51","-5.08","50.68"
"Nava Limited","Iron & Steel","13947.07","11.10","97.76","1.68","3.43","7.60","4.39","0.42","2.81","86.57"
"Ingersoll-Rand (India) Ltd","Industrial Machinery","13896.08","62.49","12.65","23.95","11.20","43.04","67.16","1.59","21.77","70.44"
"eClerx Services Limited","Outsourced services","13759.61","26.90","25.71","6.12","4.60","15.42","26.16","0.04","6.16","106.26"
"Westlife Foodworld Ltd","Restaurants & Cafes","13661.06","197.33","7.64","23.22","5.67","38.70","40.23","0.39","-37.96","4.44"
"Redington Ltd","Technology Hardware","13637.27","11.19","-19.96","1.73","0.15","6.73","12.63","3.55","-12.51","15.59"
"Glenmark Life Sciences Ltd","Pharmaceuticals","13636.22","28.96","32.56","5.85","5.94","19.46","32.98","-","0.84","38.43"
"Honasa Consumer Ltd","FMCG - Personal Products","13593.88","121.62","3.44","12.41","6.90","69.32","57.76","-","123.17","4.85"
"Aavas Financiers Ltd","Home Financing","13503.93","27.52","10.15","3.58","6.68","36.63","-","-","14.07","62.04"
"Chennai Petroleum Corporation Ltd","Oil & Gas - Refining & Marketing","13464.57","4.91","-3.94","1.44","0.20","3.46","5.00","6.08","-22.27","184.34"
"Voltamp Transformers Ltd","Heavy Electrical Equipments","13424.46","43.68","28.52","9.92","7.87","32.50","62.07","0.68","53.71","303.79"
"Elecon Engineering Company Ltd","Heavy Electrical Equipments","13340.58","37.52","2.88","8.32","6.71","24.65","36.57","0.25","49.71","15.85"
"Data Patterns (India) Ltd","Aerospace & Defense Equipments","13276.04","73.07","-18.48","10.03","23.46","47.17","95.25","0.27","41.17","32.45"
"RedTape","Retail - Apparel","13249.42","75.18","36.38","20.43","7.14","41.28","157.04","-","-37.99","12.75"
"Vardhman Textiles Ltd","Textiles","13221.07","20.93","0.67","1.44","1.34","11.02","-","-","-20.61","22.20"
"Railtel Corporation of India Ltd","Communication & Networking","13163.29","53.46","8.22","7.20","5.02","25.68","23.66","0.69","30.79","7.67"
"Jaiprakash Power Ventures Ltd","Renewable Energy","13138.08","12.86","10.17","1.14","1.84","7.58","6.82","-","1744.01","1.49"
"IIFL Securities Ltd","Diversified Financials","13098.85","25.57","189.15","7.32","5.87","12.29","-","0.71","104.55","16.71"
"Godawari Power and Ispat Ltd","Iron & Steel","12951.35","13.85","9.70","2.84","2.32","8.37","12.40","0.52","18.11","13.74"
"Cube Highways Trust","Roads","12906.89","-18.28","0.00","1.00","4.20","15.84","6.90","-","-","-4.88"
"Usha Martin Ltd","Iron & Steel","12779.36","30.14","13.83","5.36","3.90","19.93","28.79","0.66","21.08","13.88"
"Balrampur Chini Mills Ltd","Sugar","12768.71","23.89","69.00","3.75","2.20","14.89","71.80","0.47","89.15","26.49"
"Genus Power Infrastructures Ltd","Electronic Equipments","12607.00","145.46","34.60","8.03","9.82","56.44","-","-","171.75","3.42"
"Deepak Fertilisers and Petrochemicals Corp Ltd","Fertilizers & Agro Chemicals","12505.12","28.26","79.03","2.30","1.42","11.40","17.09","0.86","-64.25","35.05"
"Manappuram Finance Ltd","Consumer Finance","12434.13","5.68","-23.09","1.07","1.39","13.60","-","2.25","46.31","25.86"
"Marksans Pharma Ltd","Pharmaceuticals","12418.95","39.59","63.08","5.95","5.57","23.54","53.90","-","12.10","6.92"
"Nuvoco Vistas Corporation Ltd","Cement","12343.32","83.76","3.77","1.37","1.15","10.04","7.75","-","829.19","4.13"
"Minda Corporation Ltd","Auto Parts","12291.07","54.10","29.16","6.21","2.63","23.23","42.86","0.27","-20.14","9.50"
"RHI Magnesita India Ltd","Cement","12246.57","-121.90","-9.88","3.18","3.23","54.55","45.26","-","80.93","-5.09"
"Zydus Wellness Ltd","FMCG - Foods","12187.78","45.66","15.37","2.27","5.20","39.62","49.46","0.26","-14.01","41.94"
"Transformers and Rectifiers (India) Ltd","Heavy Electrical Equipments","12149.96","273.03","16.04","21.58","9.34","88.50","416.95","0.02","5.26","3.23"
"Zee Entertainment Enterprises Ltd","TV Channels & Broadcasters","12122.72","85.73","-11.18","1.13","1.38","16.47","93.97","0.79","195.39","1.47"
"Tega Industries Ltd","Industrial Machinery","12080.85","62.32","25.29","10.14","7.95","35.10","47.91","0.11","5.16","29.18"
"CEAT Ltd","Tires & Rubber","12019.74","18.70","18.22","2.97","1.00","8.42","6.99","1.01","245.20","158.87"
"TTK Prestige Ltd","Home Electronics & Appliances","12019.18","52.60","24.73","5.76","4.10","29.45","41.60","0.69","-10.11","16.48"
"JSW Holdings Ltd","Asset Management","11940.82","76.76","54.59","0.47","70.42","75.79","103.84","-","-53.08","140.18"
"MMTC Ltd","Commodities Trading","11887.50","61.86","9.24","7.31","31.23","52.08","-","-","-87.70","1.28"
"Happiest Minds Technologies Ltd","IT Services & Consulting","11806.46","47.53","-2.59","7.98","6.84","25.23","55.54","0.73","5.05","16.98"
"Safari Industries (India) Ltd","Apparel & Accessories","11721.61","66.67","14.08","14.23","7.49","39.47","54.04","0.17","34.72","36.55"
"Vesuvius India Ltd","Industrial Machinery","11707.49","54.98","55.11","9.81","7.15","34.98","142.12","0.22","82.34","104.92"
"Symphony Ltd","Home Electronics & Appliances","11676.54","78.83","76.65","15.59","9.68","53.33","72.27","0.77","28.15","21.33"
"Intellect Design Arena Ltd","Software Services","11625.77","36.20","-15.74","4.74","4.53","19.22","28.35","0.41","19.19","23.57"
"Jubilant Ingrevia Ltd","Specialty Chemicals","11585.34","63.35","35.65","4.23","2.78","26.83","26.94","0.69","-40.59","11.48"
"Powergrid Infrastructure Investment Trust","Power Transmission & Distribution","11516.95","12.43","-9.28","1.41","8.84","8.34","9.36","2.37","574.94","10.18"
"CE Info Systems Ltd","Software Services","11464.99","85.59","10.77","17.38","27.46","58.11","151.81","0.17","23.94","24.87"
"Can Fin Homes Ltd","Home Financing","11443.93","15.24","14.16","2.63","3.25","44.16","-","0.70","20.84","56.38"
"Aether Industries Ltd","Specialty Chemicals","11434.41","138.62","3.40","5.54","17.91","70.14","-","-","-41.64","6.42"
"Electrosteel Castings Ltd","Building Products - Pipes","11391.29","15.40","-8.55","2.23","1.50","10.29","14.14","0.76","129.74","12.20"
"Bengal & Assam Company Ltd","Diversified Financials","11265.83","2.89","18.40","1.22","0.71","2.64","6.20","0.40","315.01","3444.98"
"Raymond Ltd","Apparel & Accessories","11250.85","6.87","36.01","2.23","1.09","5.65","21.10","0.59","209.68","148.59"
"Alok Industries Ltd","Textiles","11226.41","-13.26","-17.48","-0.69","2.03","471.92","-","-","3.82","-1.71"
"Gujarat Mineral Development Corporation Ltd","Mining - Diversified","11214.27","18.17","-9.70","1.83","4.09","11.90","103.26","-","-48.75","19.41"
"India Cements Ltd","Cement","11199.68","-49.26","64.53","2.00","2.15","66.83","32.57","-","-79.18","-7.34"
"Sanofi Consumer Healthcare India Ltd","Pharmaceuticals","11177.57","67.83","-1.02","-","21.11","50.53","-","-","-","71.54"
"Metropolis Healthcare Ltd","Hospitals & Diagnostic Centres","11158.34","87.30","21.62","10.15","9.17","37.82","42.26","0.18","-10.59","24.96"
"City Union Bank Ltd","Private Banks","11156.74","10.98","-3.87","1.33","1.86","3.23","25.58","1.00","8.27","13.72"
"Alkyl Amines Chemicals Ltd","Specialty Chemicals","11116.72","74.67","7.59","8.77","7.64","41.72","40.43","0.46","-34.93","29.13"
"Mrs. Bectors Food Specialities Ltd","FMCG - Foods","11107.23","79.13","65.41","16.76","6.76","42.86","72.40","-","55.84","23.87"
"Prudent Corporate Advisory Services Ltd","Asset Management","11103.82","80.02","89.96","23.07","13.46","52.18","74.22","-","18.93","33.51"
"Sapphire Foods India Ltd","Restaurants & Cafes","11033.95","208.98","17.10","8.24","4.20","24.32","24.59","-","-77.40","1.66"
"JK Tyre & Industries Ltd","Tires & Rubber","10927.92","13.90","-3.34","2.37","0.73","7.10","6.77","1.07","190.98","31.02"
"Tanla Platforms Ltd","Software Services","10882.46","19.85","-12.28","5.60","2.74","13.24","18.45","1.48","23.07","40.79"
"Graphite India Ltd","Electrical Components & Equipments","10777.89","13.34","-18.49","1.92","2.56","7.40","15.84","1.99","305.37","41.36"
"shipping corporation of India Ltd","Logistics","10757.63","15.84","9.33","1.43","2.02","7.24","10.82","0.22","-10.70","14.58"
"Kirloskar Ferrous Industries Ltd","Iron & Steel","10750.70","36.10","9.78","3.33","1.74","14.68","19.11","-","-32.06","21.40"
"Quess Corp Ltd","Employment Services","10749.35","38.69","14.84","3.63","0.56","15.94","20.31","1.38","23.59","18.73"
"Bharat 22 ETF","Equity","10739.05","-","11.96","-","-","-","-","0.00","-","-"
"RBL Bank Ltd","Private Banks","10703.72","8.50","-31.79","0.72","0.69","-","2.16","0.85","36.38","20.92"
"Va Tech Wabag Ltd","Water Management","10634.56","43.30","70.12","5.83","3.67","25.44","79.66","-","1789.23","39.49"
"Nippon India ETF Nifty Bank BeES","Equity","10625.95","-","8.93","-","-","-","-","0.00","-","-"
"Reliance Infrastructure Ltd","Power Infrastructure","10602.28","-6.59","37.23","0.77","0.44","6.97","2.59","-","58.94","-42.98"
"Senco Gold Ltd","Precious Metals Jewellery & Watches","10540.33","58.23","38.84","7.72","1.99","27.28","-","0.15","-6.75","27.11"
"LS Industries Ltd","Textiles","10538.08","-3183.71","425.61","172.44","18169.11","-","-","-","62.47","-0.04"
"KPI Green Energy Ltd","Renewable Energy","10502.14","64.96","-12.17","12.57","10.19","33.10","-","0.03","39.62","14.12"
"Happy Forgings Ltd","Auto Truck & Motorcycle Parts","10489.24","43.17","17.17","6.50","7.65","26.23","55.49","0.36","13.44","26.45"
"Edelweiss Financial Services Ltd","Diversified Financials","10470.46","24.89","44.99","1.73","1.09","51.08","3.62","-","60.12","3.23"
"Jammu and Kashmir Bank Ltd","Private Banks","10427.10","5.89","-28.02","0.86","0.87","0.86","-","2.27","38.20","16.61"
"Engineers India Ltd","Construction & Engineering","10426.45","23.42","-11.43","4.62","2.98","17.54","46.97","1.62","28.58","7.92"
"ELANTAS Beck India Ltd","Electrical Components & Equipments","10376.86","75.58","33.26","14.18","14.16","49.99","77.78","0.04","40.41","173.18"
"Sammaan Capital Ltd","Home Financing","10372.89","8.54","-17.02","0.52","1.20","31.46","-","-","-12.61","19.69"
"Galaxy Surfactants Ltd","Specialty Chemicals","10349.77","34.33","12.11","4.75","2.70","20.29","19.96","0.75","-20.87","85.03"
"INOX India Ltd","Sea-Borne Tankers","10305.29","52.58","-16.18","15.88","8.86","35.74","82.06","0.97","26.66","21.59"
"Puravankara Ltd","Real Estate","10263.84","242.87","21.76","5.43","4.54","23.87","11.45","1.46","-36.43","1.78"
"Time Technoplast Ltd","Plastic Products","10237.90","32.98","68.88","3.91","2.04","15.57","25.20","-","41.49","13.70"
"Isgec Heavy Engineering Ltd","Heavy Machinery","10229.79","41.98","34.95","3.91","1.64","20.08","13.92","0.29","24.01","33.14"
"P N Gadgil Jewellers Ltd","Precious Metals Jewellery & Watches","10058.70","65.17","-6.57","18.82","1.64","37.61","1591.57","-","32.45","17.82"
"Home First Finance Company India Ltd","Home Financing","10027.31","32.80","29.87","4.73","8.67","40.10","-","-","33.25","34.64"